<?xml version="1.0" encoding="UTF-8" standalone="yes"?>
<addon id="plugin.video.megasearch" name="Mega Search" version="2.46.0" provider-name="Pipcan">
  <requires>
    <import addon="xbmc.python" version="2.1.0"/>
	<import addon="script.module.urlresolver"  version="2.1.2"/>
	<import addon="script.module.addon.common" />
	<import addon="script.module.requests" />
	<import addon="script.module.mechanize" />
  </requires>
  <extension point="xbmc.python.pluginsource" library="default.py">
        <provides>video</provides>
  </extension>
  <extension point="xbmc.addon.metadata">
    <summary lang="en">Think Of Mash-Up+Zeus Video X 1000</summary>
    <description lang="en">Search Any Site For Streams Movies And So You Dont Waste Time Clicking On Dead Links Your Can Run The Stream Tester And Will Quickley Sort Out The Broken From The Working Can Do This On Any Page Can Even Test Own M3U</description>
	<disclaimer lang="en">The author does not host or distribute any of the content displayed by this addon</disclaimer>
    <platform>all</platform>
  </extension>
</addon>
